geometry,county_id,apn,land_use_type_id,res_type,land_value,improvement_value,year_assessed,year_built,building_sqft,non_residential_sqft,residential_units,stories,tax_exempt,condo_identifier,imputation_flag,development_type_id,calc_area,parcel_id,zone_id,general_plan_name,city,priority,x,y
"MULTIPOLYGON (((-122.0420426864053 37.39810463767535, -122.0418644538328 37.39774417154145, -122.0427479990258 37.39732009440969, -122.0444122387879 37.39647069357575, -122.0456432328795 37.3958327466315, -122.0459001994072 37.39568606245677, -122.0461121195521 37.395552196972, -122.0465844330985 37.39524634175775, -122.0466032811135 37.39523456813921, -122.0465044405949 37.39550812144051, -122.0463673650521 37.3958874998356, -122.0462154931347 37.39630782007274, -122.0460657153277 37.39672233968273, -122.0458803751147 37.39723526792316, -122.0457469659951 37.39760447241294, -122.0455107179289 37.39825827708811, -122.0453350058045 37.39874454327271, -122.0422723020675 37.39814934990427, -122.0420426864053 37.39810463767535)), ((-122.0468733388793 37.40283171393172, -122.0452834787911 37.40248372275, -122.0440631706849 37.40223493472597, -122.0421731687442 37.39836852109931, -122.0422864898915 37.39837278451844, -122.0452579812838 37.39895770494681, -122.044982347372 37.39977762305282, -122.0464316313525 37.40007801442042, -122.0460023650224 37.40121849859023, -122.0473731758846 37.40152971540253, -122.0474446361386 37.40154581245904, -122.046915465546 37.40284117051098, -122.0468733388793 37.40283171393172)))",Santa Clara,16056004,,,0.0,0.0,1973.0,,0.0,0.0,0.0,0.0,0.0,0000000,_,,179931.05708,1325979,396.0,Transportation,Unincorporated Santa Clara,1.0,-122.04466978,37.3994086163
"POLYGON ((-122.0376215073243 37.3944596242784, -122.0378139426011 37.39386566413109, -122.0386316322583 37.39403631813986, -122.0384430082626 37.39462581083291, -122.0379414898442 37.39452786475374, -122.0376215073243 37.3944596242784))",Santa Clara,16540013,IMSC,,1698128.52,946931.48,2005.0,1974.0,19578.0,19578.0,0.0,1.0,0.0,000930BENECIA94085,_,IL,5095.2127612,1330553,396.0,Industry,Sunnyvale,1.0,-122.038126564,37.3942476801
"POLYGON ((-122.0303595327136 37.39880332264585, -122.0303959416114 37.39870151233052, -122.0306723566791 37.397928597678, -122.0308841368914 37.39735748039273, -122.032132515517 37.39763624039593, -122.0317942282667 37.39854848518644, -122.0318687033437 37.39857513087003, -122.0308742396337 37.39886219635872, -122.0308587301853 37.3989084420863, -122.0303595327136 37.39880332264585))",Santa Clara,16544004,IMSC,,879581.4813,5923059.5187,1978.0,,129024.0,129024.0,0.0,2.0,0.0,000645ALMANOR94085,_,IL,17041.5768803,1330633,396.0,Industry,Sunnyvale,1.0,-122.031226475,37.3981392166
"POLYGON ((-122.0299022210042 37.39903698634659, -122.0300645715222 37.39861901438169, -122.0303959416114 37.39870151233052, -122.0303595327136 37.39880332264585, -122.0302383013256 37.39915448561507, -122.030110650578 37.39912074849985, -122.0299232446351 37.39905376578424, -122.0299022210042 37.39903698634659))",Santa Clara,16544003,COFF,,665856.0,0.0,2006.0,1900.0,0.0,0.0,0.0,0.0,0.0,000000ALMANOR94085,_,OF,1609.5597499,1330632,396.0,Ind Intensificat,Sunnyvale,1.0,-122.030149642,37.3988837999
"POLYGON ((-122.0288620033243 37.39791418639004, -122.0292013164323 37.39700418172063, -122.0307261105058 37.39732047223824, -122.0308841368914 37.39735748039273, -122.0306723566791 37.397928597678, -122.0303959416114 37.39870151233052, -122.0300645715222 37.39861901438169, -122.0299022210042 37.39903698634659, -122.0297645329241 37.39892710593085, -122.0293663329102 37.39851046896055, -122.0288620033243 37.39791418639004))",Santa Clara,16544002,COFF,,9741086.5248,34197057.4752,2006.0,2008.0,166300.0,166300.0,0.0,5.0,0.0,000525ALMANOR94085,_,OF,24157.4930657,1330631,396.0,Ind Intensificat,Sunnyvale,1.0,-122.029842418,37.3978861029
"POLYGON ((-122.0292013164323 37.39700418172063, -122.0288620033243 37.39791418639004, -122.0286571047314 37.3976719240392, -122.0285482503246 37.39750545357235, -122.0285035500273 37.39736234937814, -122.0284878599397 37.39719093654589, -122.0286014930366 37.39670941876613, -122.0286519864083 37.39681656791691, -122.0287407215477 37.3968959261049, -122.0288456575525 37.39693409443482, -122.0290587929332 37.39697893614538, -122.0292013164323 37.39700418172063))",Santa Clara,16544001,IWAR,,1078075.238,152744.762,1984.0,1959.0,14800.0,14800.0,0.0,1.0,0.0,000505ALMANOR94085,_,IW,4479.77217174,1330630,396.0,Ind Intensificat,Sunnyvale,1.0,-122.028799233,37.397289614
"POLYGON ((-122.0325009544334 37.39396226544623, -122.0325250168635 37.39389003331006, -122.032698644204 37.39336895866419, -122.0327489519991 37.39321797056072, -122.0333570842638 37.39334495225172, -122.0331060337254 37.39409291558832, -122.0325009544334 37.39396226544623))",Santa Clara,16543032,ILIG,,1213129.5344,1848782.4656,1976.0,1966.0,18402.0,18402.0,0.0,1.0,0.0,000640PASTORIA94085,_,IL,4763.53920141,1330629,396.0,Industry,Sunnyvale,1.0,-122.032928587,37.3936544096
"POLYGON ((-122.031226399326 37.39334235784212, -122.0315199656447 37.3924624950851, -122.0320927666759 37.39259461226746, -122.0321445966186 37.39261704643145, -122.0321792281448 37.39264054027364, -122.0321905524177 37.39266539223746, -122.032188316194 37.39271456844096, -122.0319046861256 37.39348421792921, -122.031226399326 37.39334235784212))",Santa Clara,16543029,IMSC,,1697932.4,2546898.6,2006.0,1962.0,23709.0,23709.0,0.0,1.0,0.0,000555DEL REY94085,_,IL,6325.85439403,1330628,396.0,Ind Intensificat,Sunnyvale,1.0,-122.031716271,37.3929766518
"POLYGON ((-122.0307866667963 37.39325039030926, -122.0310827543436 37.39237180211132, -122.0314082997347 37.39243947954724, -122.0315199656447 37.3924624950851, -122.031226399326 37.39334235784212, -122.0307866667963 37.39325039030926))",Santa Clara,16543028,ILIG,,1485818.4484,1591684.5516,2006.0,,19710.0,19710.0,0.0,1.0,0.0,000535DEL REY94085,_,IL,4052.70970519,1330627,396.0,Ind Intensificat,Sunnyvale,1.0,-122.031153807,37.3928572619
"POLYGON ((-122.0306958185734 37.39323138735666, -122.0302764823555 37.39314368126452, -122.0304189586105 37.39271000102448, -122.0305697469725 37.39225100867399, -122.0306047268847 37.39226219562401, -122.0309309724399 37.39234024842224, -122.0310827543436 37.39237180211132, -122.0307866667963 37.39325039030926, -122.0306958185734 37.39323138735666))",Santa Clara,16543027,IMSC,,221202.721,1025712.279,1983.0,1973.0,22704.0,22704.0,0.0,1.0,0.0,000525DEL REY94085,_,IL,4766.74571939,1330626,396.0,Ind Intensificat,Sunnyvale,1.0,-122.03067822,37.3927544778
"POLYGON ((-122.0421731687442 37.39836852109931, -122.0418562594243 37.39836490450213, -122.041143998793 37.39816713259591, -122.0410144510579 37.39812620299016, -122.0413258238587 37.39796903700758, -122.0413775238358 37.39797788024799, -122.041494436131 37.3979978755656, -122.0420426864053 37.39810463767535, -122.0422723020675 37.39814934990427, -122.0453350058045 37.39874454327271, -122.0452579812838 37.39895770494681, -122.0422864898915 37.39837278451844, -122.0421731687442 37.39836852109931))",Santa Clara,16056003,MUTI,,0.0,0.0,1963.0,,0.0,0.0,0.0,0.0,0.0,000000SOUTHBAY94089,_,IL,9539.75819273,1325978,396.0,Transportation,Unincorporated Santa Clara,1.0,-122.043168041,37.3984430268
"POLYGON ((-122.0452971959592 37.39962254130721, -122.045408964065 37.3996490752461, -122.045374285764 37.39975109829408, -122.0452621843795 37.39972583285142, -122.0452971959592 37.39962254130721))",Santa Clara,16079018,COFF,,95538.5473,231312.4527,2006.0,2005.0,916.0,916.0,0.0,1.0,0.0,000569CLYDE94043,_,OF,121.777464996,1326695,396.0,710 - General Industrial,Mountain View,1.0,-122.045335547,37.3996871038
"POLYGON ((-122.045374285764 37.39975109829408, -122.045408964065 37.3996490752461, -122.0455218567012 37.39967587595608, -122.045487336491 37.39977657903078, -122.045374285764 37.39975109829408))",Santa Clara,16079017,COFF,,94695.1289,238855.8711,2007.0,2005.0,916.0,916.0,0.0,1.0,0.0,000569CLYDE94043,_,OF,121.406133797,1326694,396.0,710 - General Industrial,Mountain View,1.0,-122.045448001,37.3997131098
"POLYGON ((-122.0458145784581 37.39978110143472, -122.0458355695507 37.39971817071189, -122.0459739442256 37.39975073839572, -122.0459432814071 37.39984071348467, -122.0458217135051 37.399813426199, -122.0458321707326 37.39978559105462, -122.0458145784581 37.39978110143472))",Santa Clara,16079016,COFF,,157019.6138,408002.3862,2008.0,2005.0,1570.0,1570.0,0.0,1.0,0.0,000575CLYDE94043,_,OF,127.727560723,1326693,396.0,710 - General Industrial,Mountain View,1.0,-122.045892153,37.399779045
"POLYGON ((-122.0461559723439 37.39986113080301, -122.0461769636882 37.39979820156035, -122.0463153382075 37.39983077039506, -122.0462846757676 37.39992074557284, -122.0461631099948 37.39989345667496, -122.0461735646818 37.39986562153222, -122.0461559723439 37.39986113080301))",Santa Clara,16079012,COFF,,156049.365,385600.635,,2005.0,1570.0,1570.0,0.0,1.0,0.0,000579CLYDE94043,_,OF,127.72700224,1326689,396.0,710 - General Industrial,Mountain View,1.0,-122.046233547,37.3998590762
"POLYGON ((-122.0460361104516 37.39976505038447, -122.0461769636882 37.39979820156035, -122.0461559723439 37.39986113080301, -122.0461366393163 37.39985619636416, -122.0461261890051 37.39988349398293, -122.0460048186622 37.39985664268676, -122.0460361104516 37.39976505038447))",Santa Clara,16079011,COFF,,125698.8936,133795.1064,,2005.0,1570.0,1570.0,0.0,1.0,0.0,000579CLYDE94043,_,OF,130.092384307,1326688,396.0,710 - General Industrial,Mountain View,1.0,-122.046088716,37.3998249539
"MULTIPOLYGON (((-122.0413775238358 37.39797788024799, -122.0418644538328 37.39774417154145, -122.0420426864053 37.39810463767535, -122.041494436131 37.3979978755656, -122.0413775238358 37.39797788024799)), ((-122.041143998793 37.39816713259591, -122.0418562594243 37.39836490450213, -122.0421731687442 37.39836852109931, -122.0440631706849 37.40223493472597, -122.0365910807122 37.40063239928771, -122.0363485197844 37.40055480992251, -122.0378991060705 37.39980684520282, -122.0381378168773 37.3996480724313, -122.041143998793 37.39816713259591)))",Santa Clara,16056002,,,0.0,0.0,1973.0,,0.0,0.0,0.0,0.0,0.0,000000BAYSHORE94043,_,,149506.773867,1325977,396.0,Parks,Sunnyvale,1.0,-122.04074693,37.4002236264
"POLYGON ((-122.0309911215371 37.39937104091551, -122.0311258304775 37.39898939169979, -122.0323100845006 37.39866664021793, -122.032607931889 37.39858546301198, -122.0325666805568 37.3987511919438, -122.0325001013043 37.39877009333164, -122.0313646924887 37.39909241409029, -122.0312805162391 37.39915289461549, -122.0312226121339 37.3992455022857, -122.0311543559476 37.39941955922486, -122.0309911215371 37.39937104091551))",Santa Clara,16544009,,,0.0,0.0,1973.0,,0.0,0.0,0.0,0.0,0.0,000000ALMANOR94085,_,,2871.03751775,1330638,396.0,Industry,Sunnyvale,1.0,-122.031711204,37.3989442175
"POLYGON ((-122.032262452572 37.39247478307296, -122.0324948359616 37.39175334804745, -122.0331709374977 37.39189528919901, -122.032930537095 37.39261888392203, -122.032262452572 37.39247478307296))",Santa Clara,16542002,VIND,,1485796.89,1273343.11,2006.0,1981.0,18480.0,18480.0,0.0,1.0,0.0,000550DEL REY94085,_,VA,5104.19601225,1330595,396.0,Ind Intensificat,Sunnyvale,1.0,-122.032715171,37.3921850234
"POLYGON ((-122.0373225568896 37.39517378994129, -122.0374948170827 37.39461243466612, -122.0383719768266 37.39479608726251, -122.0381838448976 37.39535214780658, -122.0373225568896 37.39517378994129))",Santa Clara,16540010,IMSC,,2081112.12,2236547.88,2007.0,1974.0,20000.0,20000.0,0.0,1.0,0.0,000935BENECIA94085,_,IL,5092.72904279,1330550,396.0,Industry,Sunnyvale,1.0,-122.037843342,37.3949826822
"MULTIPOLYGON (((-122.0366437851433 37.39722878557116, -122.0368401386577 37.39663433719267, -122.0371826673366 37.39559731608745, -122.0373225568896 37.39517378994129, -122.0381838448976 37.39535214780658, -122.0390833326857 37.3955384094787, -122.0389146379771 37.3960684609137, -122.0389081644426 37.39608879490751, -122.0384308208977 37.39754535993525, -122.0366437851433 37.39722878557116)), ((-122.0359785333661 37.39926830521984, -122.0365665581458 37.39746259498403, -122.0383590342226 37.39776439583335, -122.0378630817473 37.39923489759705, -122.0377368130208 37.39929217362616, -122.0374719402896 37.39933939852026, -122.037100392999 37.39933308050151, -122.0363443812267 37.39924131804987, -122.0360841010177 37.39925236522458, -122.0359785333661 37.39926830521984)))",Santa Clara,16540001,,,0.0,0.0,1973.0,,0.0,0.0,0.0,0.0,0.0,0000000,_,,68727.2979844,1330541,396.0,Transportation,Unincorporated Santa Clara,1.0,-122.037550101,37.3973108899
"POLYGON ((-122.0323585938349 37.39438950847823, -122.0325009544334 37.39396226544623, -122.0331060337254 37.39409291558832, -122.0329645239929 37.39451450976024, -122.0323585938349 37.39438950847823))",Santa Clara,16543003,IMSC,,160581.1404,512432.8596,1976.0,1966.0,10560.0,10560.0,0.0,2.0,0.0,000658PASTORIA94085,_,IL,2703.62794883,1330602,396.0,Industry,Sunnyvale,1.0,-122.032731898,37.3942396065
"POLYGON ((-122.0323614433451 37.39915683727842, -122.0325001013043 37.39877009333164, -122.0325666805568 37.3987511919438, -122.032607931889 37.39858546301198, -122.0334138625937 37.39836580503511, -122.0331037261894 37.39932255774116, -122.0323614433451 37.39915683727842))",Santa Clara,16544012,COFF,,2122416.0,0.0,2007.0,,0.0,0.0,0.0,0.0,0.0,000675ALMANOR94085,_,OF,5766.79968212,1330641,396.0,Industry,Sunnyvale,1.0,-122.032899526,37.3988639708
"POLYGON ((-122.0321790431217 37.399665590495, -122.0323614433451 37.39915683727842, -122.0331037261894 37.39932255774116, -122.0329394374732 37.39982936789368, -122.0321790431217 37.399665590495))",Santa Clara,16544011,CMSC,,140709.5865,35155.4135,1978.0,,0.0,0.0,0.0,0.0,0.0,000645ALMANOR94085,_,RS,4029.40049958,1330640,396.0,Industry,Sunnyvale,1.0,-122.032644922,37.3994943538
"POLYGON ((-122.0311543559476 37.39941955922486, -122.0312226121339 37.3992455022857, -122.0312805162391 37.39915289461549, -122.0313646924887 37.39909241409029, -122.0325001013043 37.39877009333164, -122.0323614433451 37.39915683727842, -122.0321790431217 37.399665590495, -122.0314638603839 37.39951154459425, -122.0311543559476 37.39941955922486))",Santa Clara,16544010,CMSC,,237474.5262,114287.4738,1978.0,1900.0,0.0,0.0,0.0,0.0,0.0,000645ALMANOR94085,_,RS,6568.3410286,1330639,396.0,Industry,Sunnyvale,1.0,-122.031868616,37.3992442964
"POLYGON ((-122.0307298993503 37.39929260019797, -122.0308587301853 37.3989084420863, -122.0308742396337 37.39886219635872, -122.0318687033437 37.39857513087003, -122.0323100845006 37.39866664021793, -122.0311258304775 37.39898939169979, -122.0309911215371 37.39937104091551, -122.0307298993503 37.39929260019797))",Santa Clara,16544008,MUTI,,34301.0,0.0,1973.0,,0.0,0.0,0.0,0.0,0.0,000000LAND ONLY94086,_,IL,3372.56041456,1330637,396.0,Industry,Sunnyvale,1.0,-122.031339726,37.3988948701
"POLYGON ((-122.032132515517 37.39763624039593, -122.0335455929615 37.39792814523291, -122.033490115395 37.39810378320905, -122.0318687033437 37.39857513087003, -122.0317942282667 37.39854848518644, -122.032132515517 37.39763624039593))",Santa Clara,16544006,IMSC,,3080237.3712,4473066.6288,2007.0,1968.0,60045.0,60045.0,0.0,2.0,0.0,000675ALMANOR94085,_,IL,8545.46499628,1330635,396.0,Industry,Sunnyvale,1.0,-122.032557066,37.3980788283
"POLYGON ((-122.0302383013256 37.39915448561507, -122.0303595327136 37.39880332264585, -122.0308587301853 37.3989084420863, -122.0307298993503 37.39929260019797, -122.030502446283 37.3992242987947, -122.0302383013256 37.39915448561507))",Santa Clara,16544005,CMSC,,56266.8632,14049.1368,1978.0,1900.0,0.0,0.0,0.0,0.0,0.0,000645ALMANOR94085,_,RS,1928.4961531,1330634,396.0,Industry,Sunnyvale,1.0,-122.030550489,37.3990397982
"POLYGON ((-122.0298590608183 37.3926018324042, -122.0299947706254 37.39219147871077, -122.0300120338603 37.3921684278314, -122.0300463166405 37.39214165038766, -122.0300925937447 37.39212463453452, -122.0301410949493 37.39212309864352, -122.0302015680823 37.39213325854777, -122.0305697469725 37.39225100867399, -122.0304189586105 37.39271000102448, -122.0298590608183 37.3926018324042))",Santa Clara,16543026,CMSC,,738595.2368,904187.7632,1982.0,1984.0,3600.0,3600.0,0.0,1.0,0.0,000615MATHILDA94085,_,RS,2818.26341735,1330625,396.0,Ind Intensificat,Sunnyvale,1.0,-122.030216736,37.3924143676
"POLYGON ((-122.0297182620777 37.39302692664883, -122.0297825863968 37.39283307512041, -122.0298590608183 37.3926018324042, -122.0304189586105 37.39271000102448, -122.0302764823555 37.39314368126452, -122.0297182620777 37.39302692664883))",Santa Clara,16543025,CMSC,,1938096.9,1070903.1,2008.0,1973.0,9285.0,9285.0,0.0,1.0,0.0,000629MATHILDA94085,_,RS,2515.25933555,1330624,396.0,Ind Intensificat,Sunnyvale,1.0,-122.030069104,37.3928708672
"POLYGON ((-122.0296396810171 37.39326373076599, -122.0297182620777 37.39302692664883, -122.0302764823555 37.39314368126452, -122.0306958185734 37.39323138735666, -122.0306241950388 37.39346789164171, -122.0296396810171 37.39326373076599))",Santa Clara,16543024,COFF,,258673.621,1692.379,2004.0,1945.0,910.0,910.0,0.0,1.0,0.0,000689MATHILDA94085,_,OF,2432.25026272,1330623,396.0,Ind Intensificat,Sunnyvale,1.0,-122.030168881,37.3932474955
"POLYGON ((-122.0295646876511 37.39348973454541, -122.0296396810171 37.39326373076599, -122.0306241950388 37.39346789164171, -122.030554205813 37.39369899799557, -122.0295646876511 37.39348973454541))",Santa Clara,16543023,COFF,,336882.837,41552.163,2004.0,1963.0,1488.0,1488.0,0.0,1.0,0.0,000691MATHILDA94085,_,OF,2364.05978297,1330622,396.0,Ind Intensificat,Sunnyvale,1.0,-122.030097023,37.3934804951
"POLYGON ((-122.0292552745422 37.39439903590583, -122.0295300546342 37.39359409929749, -122.0295646876511 37.39348973454541, -122.030554205813 37.39369899799557, -122.0317414268488 37.39395005932038, -122.0314564108306 37.39485462657808, -122.0292552745422 37.39439903590583))",Santa Clara,16543022,COFF,,8184587.508,18553692.492,2006.0,1997.0,105000.0,105000.0,0.0,2.0,0.0,000755MATHILDA94085,_,OF,20841.8384938,1330621,396.0,Ind Intensificat,Sunnyvale,1.0,-122.030502554,37.3941737814
"POLYGON ((-122.0290631258877 37.39501003681329, -122.0291947784253 37.39457624474992, -122.0292552745422 37.39439903590583, -122.0314564108306 37.39485462657808, -122.0314222837818 37.39495521184705, -122.0312500129294 37.39547041883331, -122.0290631258877 37.39501003681329))",Santa Clara,16543021,CMSC,,506937.687,723792.313,,1964.0,18659.0,18659.0,0.0,1.0,0.0,000767MATHILDA94085,_,RS,14134.5423437,1330620,396.0,Ind Intensificat,Sunnyvale,1.0,-122.030257264,37.3949334156
"POLYGON ((-122.030009785763 37.39548255400867, -122.0290497827513 37.39527997923627, -122.0290137810511 37.39526475617666, -122.0290631258877 37.39501003681329, -122.0312500129294 37.39547041883331, -122.0311644874421 37.39572620085043, -122.030009785763 37.39548255400867))",Santa Clara,16543020,CMSC,,229612.188,149285.812,1975.0,,7427.0,7427.0,0.0,1.0,0.0,000771MATHILDA94085,_,RS,5824.51755605,1330619,396.0,Ind Intensificat,Sunnyvale,1.0,-122.030123554,37.3953695146
"POLYGON ((-122.0290669174323 37.39583095828451, -122.0290070904636 37.39577055082304, -122.0289447170554 37.39571978814713, -122.0289233742171 37.39568288866775, -122.0289260991712 37.39565971831737, -122.0289458646286 37.39563089007999, -122.0289703795629 37.39560983084106, -122.0290497827513 37.39527997923627, -122.030009785763 37.39548255400867, -122.0299846780268 37.39557934484012, -122.0298338671721 37.39555239823122, -122.0295845132974 37.39566604242567, -122.0295503390863 37.39565933548808, -122.0294679749058 37.39591406929949, -122.0290669174323 37.39583095828451))",Santa Clara,16543019,CMSC,,1380792.5572,1082269.4428,1952.0,1997.0,2894.0,2894.0,0.0,1.0,0.0,000773MATHILDA94085,_,RS,3598.1873394,1330618,396.0,Ind Intensificat,Sunnyvale,1.0,-122.029355368,37.395581085
"POLYGON ((-122.0318687033437 37.39857513087003, -122.033490115395 37.39810378320905, -122.0334138625937 37.39836580503511, -122.032607931889 37.39858546301198, -122.0323100845006 37.39866664021793, -122.0318687033437 37.39857513087003))",Santa Clara,16544007,MUTI,,28653.0,0.0,1973.0,,0.0,0.0,0.0,0.0,0.0,000000LAND ONLY94086,_,IL,3059.31579298,1330636,396.0,Industry,Sunnyvale,1.0,-122.032776547,37.3984186812
"POLYGON ((-122.0290637377412 37.39616887062272, -122.0291243957627 37.39608771793328, -122.0291492093604 37.39604346769891, -122.0291545565406 37.39600485631673, -122.0291550055797 37.3959700690891, -122.0291530569496 37.39591864098437, -122.0291150472821 37.39585841345867, -122.0290669174323 37.39583095828451, -122.0294679749058 37.39591406929949, -122.030994148203 37.39623031835926, -122.0308899347977 37.39653747566553, -122.0290637377412 37.39616887062272))",Santa Clara,16543018,COFF,,10.0,0.0,1999.0,,0.0,0.0,0.0,0.0,0.0,000520ALMANOR94085,_,OF,5940.76161724,1330617,396.0,Ind Intensificat,Sunnyvale,1.0,-122.030030859,37.3961966068
"POLYGON ((-122.0294238765114 37.39688625224716, -122.0295350990102 37.39652975079398, -122.0288994410819 37.39640024024733, -122.0289319897038 37.39634512762507, -122.0290637377412 37.39616887062272, -122.0308899347977 37.39653747566553, -122.0308064560397 37.39678351649626, -122.0307052583527 37.39707998678413, -122.0306855683675 37.39710301988821, -122.0306490093634 37.39711818102957, -122.0306271179114 37.3971238010868, -122.0305786119821 37.39712533564987, -122.0294238765114 37.39688625224716))",Santa Clara,16543017,ILIG,,522233.2818,4689675.7182,,1985.0,0.0,0.0,0.0,1.0,0.0,000520ALMANOR94085,_,IL,9609.35851557,1330616,396.0,Ind Intensificat,Sunnyvale,1.0,-122.03001067,37.396652339
"POLYGON ((-122.0294679749058 37.39591406929949, -122.0295503390863 37.39565933548808, -122.0295845132974 37.39566604242567, -122.0298338671721 37.39555239823122, -122.0299846780268 37.39557934484012, -122.030009785763 37.39548255400867, -122.0311644874421 37.39572620085043, -122.0311169415914 37.39586839023141, -122.030994148203 37.39623031835926, -122.0294679749058 37.39591406929949))",Santa Clara,16543015,CMSC,,2806774.8423,3644098.1577,1975.0,1989.0,39492.0,39492.0,0.0,3.0,0.0,000775MATHILDA94085,_,RS,7539.05602717,1330614,396.0,Ind Intensificat,Sunnyvale,1.0,-122.030359323,37.3958419614
"POLYGON ((-122.0381838448976 37.39535214780658, -122.0383719768266 37.39479608726251, -122.0392603852767 37.39498208924132, -122.0390833326857 37.3955384094787, -122.0381838448976 37.39535214780658))",Santa Clara,16540011,IMSC,,2122495.5906,795826.4094,2006.0,1975.0,19920.0,19920.0,0.0,1.0,0.0,000955BENECIA94085,_,IL,5219.80313284,1330551,396.0,Industry,Sunnyvale,1.0,-122.03872445,37.3951676718
"POLYGON ((-122.0329048769907 37.39531573629133, -122.0330401269105 37.39491886758953, -122.0336939143951 37.3950620979936, -122.0336761256725 37.39511455494701, -122.0335628130547 37.39544932018936, -122.0329048769907 37.39531573629133))",Santa Clara,16541025,IMSC,,328339.3788,968419.6212,1991.0,1968.0,11716.0,11716.0,0.0,1.0,0.0,000715PASTORIA94085,_,IL,2707.76156562,1330585,396.0,Industry,Sunnyvale,1.0,-122.033299043,37.3951862567
"POLYGON ((-122.032768790743 37.39571720022073, -122.0328021834711 37.3956170613861, -122.0329048769907 37.39531573629133, -122.0335628130547 37.39544932018936, -122.0335546563687 37.39547341682854, -122.0334274672248 37.39584917639926, -122.032768790743 37.39571720022073))",Santa Clara,16541024,ILIG,,104295.7916,300108.2084,1996.0,1971.0,11448.0,11448.0,0.0,1.0,0.0,000733PASTORIA94085,_,IL,2769.98451056,1330584,396.0,Industry,Sunnyvale,1.0,-122.033165625,37.3955828093
"POLYGON ((-122.0326375108742 37.39611087470996, -122.032768790743 37.39571720022073, -122.0334274672248 37.39584917639926, -122.0332924976782 37.3962479189176, -122.0326375108742 37.39611087470996))",Santa Clara,16541023,IWAR,,757766.7694,1082366.2306,2004.0,1970.0,11448.0,11448.0,0.0,1.0,0.0,000743PASTORIA94085,_,IW,2733.22626646,1330583,396.0,Industry,Sunnyvale,1.0,-122.033032351,37.3959813533
"POLYGON ((-122.0325046300116 37.39650934015731, -122.0326375108742 37.39611087470996, -122.0332924976782 37.3962479189176, -122.0332863499314 37.39626607835368, -122.0331580263941 37.39664518126561, -122.0325046300116 37.39650934015731))",Santa Clara,16541022,IMSC,,68529.768,132555.232,1996.0,1970.0,11716.0,11716.0,0.0,1.0,0.0,000755PASTORIA94085,_,IL,2736.84013097,1330582,396.0,Industry,Sunnyvale,1.0,-122.032898086,37.396378211
"POLYGON ((-122.0323534389936 37.39696271056746, -122.0325046300116 37.39650934015731, -122.0331580263941 37.39664518126561, -122.0330682435096 37.39691041337496, -122.0330037022639 37.39710108696367, -122.0323534389936 37.39696271056746))",Santa Clara,16541021,IMSC,,1175040.0,524960.0,2000.0,1970.0,11728.0,11728.0,0.0,1.0,0.0,000777PASTORIA94085,_,IL,3117.81710173,1330581,396.0,Industry,Sunnyvale,1.0,-122.032755347,37.3968045308
"POLYGON ((-122.0323534389936 37.39696271056746, -122.0330037022639 37.39710108696367, -122.032838065828 37.39759040522775, -122.0327966295291 37.39758178590132, -122.0323095432077 37.39747650649665, -122.0322589296117 37.39746033460172, -122.032239486293 37.39743541574395, -122.0322259211864 37.3973925383699, -122.0322617953961 37.39723751564856, -122.0323534389936 37.39696271056746))",Santa Clara,16541020,IMSC,,955108.1787,1379548.8213,2006.0,1970.0,12000.0,12000.0,0.0,1.0,0.0,000670ALMANOR94085,_,IL,3302.69565811,1330580,396.0,Industry,Sunnyvale,1.0,-122.032601009,37.3972747324
"POLYGON ((-122.032838065828 37.39759040522775, -122.0330037022639 37.39710108696367, -122.0330682435096 37.39691041337496, -122.0336952323165 37.39704784537171, -122.0336428697326 37.39720154104806, -122.0334931127607 37.39765050785998, -122.0334673019002 37.39768180953409, -122.0334162846595 37.39769715089454, -122.033348529504 37.39769659648487, -122.032838065828 37.39759040522775))",Santa Clara,16541019,ILIG,,1147162.5,1327837.5,1996.0,1973.0,17170.0,17170.0,0.0,1.0,0.0,000790PALOMAR94085,_,IL,4459.6293804,1330579,396.0,Industry,Sunnyvale,1.0,-122.033266012,37.3973156619
"POLYGON ((-122.0332863499314 37.39626607835368, -122.0332924976782 37.3962479189176, -122.0334274672248 37.39584917639926, -122.0335546563687 37.39547341682854, -122.0341918910769 37.39560122194001, -122.0339520352393 37.396294062358, -122.0339176552849 37.39639497787871, -122.0332863499314 37.39626607835368))",Santa Clara,16541017,ILIG,,1290144.999,1226720.001,1996.0,1972.0,20000.0,20000.0,0.0,1.0,0.0,000760PALOMAR94085,_,IL,5284.03592038,1330577,396.0,Industry,Sunnyvale,1.0,-122.033737865,37.3959333527
"POLYGON ((-122.0335546563687 37.39547341682854, -122.0335628130547 37.39544932018936, -122.0336761256725 37.39511455494701, -122.0336939143951 37.3950620979936, -122.0338307235988 37.39465863610742, -122.0338411045977 37.39462801863748, -122.0344734491536 37.39477372448594, -122.0343481673874 37.39514978909323, -122.0341918910769 37.39560122194001, -122.0335546563687 37.39547341682854))",Santa Clara,16541016,ILIG,,1698144.2415,1273236.7585,2006.0,1972.0,20000.0,20000.0,0.0,1.0,0.0,000752PALOMAR94085,_,IL,5610.65780837,1330576,396.0,Industry,Sunnyvale,1.0,-122.034014797,37.3951188381
"POLYGON ((-122.0338411045977 37.39462801863748, -122.0339661504278 37.39425924958179, -122.0340883794796 37.3938987757067, -122.0341076865172 37.3938418319654, -122.0347370742147 37.3939823868819, -122.0344734491536 37.39477372448594, -122.0338411045977 37.39462801863748))",Santa Clara,16541015,ILIG,,2060387.352,2257272.648,2007.0,1972.0,20000.0,20000.0,0.0,1.0,0.0,000720PALOMAR94085,_,IL,5262.65875621,1330575,396.0,Industry,Sunnyvale,1.0,-122.034289954,37.3943070076
"POLYGON ((-122.0330401269105 37.39491886758953, -122.0331733277588 37.39452801843954, -122.0338307235988 37.39465863610742, -122.0336939143951 37.3950620979936, -122.0330401269105 37.39491886758953))",Santa Clara,16541026,IMSC,,432112.5475,712556.4525,1986.0,1969.0,11716.0,11716.0,0.0,1.0,0.0,000685PASTORIA94085,_,IL,2740.23050633,1330586,396.0,Industry,Sunnyvale,1.0,-122.033436229,37.3947922956
"POLYGON ((-122.0341076865172 37.3938418319654, -122.0341457958634 37.39372944195969, -122.0342269976455 37.39349346827795, -122.0343691316235 37.39308041219925, -122.0348845222561 37.39318500161519, -122.0349323365565 37.39319890087926, -122.0349631568822 37.39321715739473, -122.0349769256182 37.39324428173438, -122.0349620004766 37.39330718638722, -122.0347370742147 37.3939823868819, -122.0341076865172 37.3938418319654))",Santa Clara,16541014,ILIG,,1756625.0,1118375.0,1995.0,1972.0,20000.0,20000.0,0.0,1.0,0.0,000845DEL REY94085,_,IL,5067.46862742,1330574,396.0,Industry,Sunnyvale,1.0,-122.034551528,37.3935298366
"POLYGON ((-122.0350876242751 37.39364872079348, -122.0351457379275 37.3934824013453, -122.0351887125791 37.39331302159042, -122.0351986574074 37.39326594494091, -122.0351808393138 37.39319878298728, -122.0351465978384 37.3931389611455, -122.0354154205983 37.39300932624904, -122.0355487139734 37.39259134406463, -122.0361040698021 37.39271001421714, -122.0360227824668 37.39295246240697, -122.0359349109962 37.39323587637791, -122.0357996756868 37.39363574537228, -122.0357498074431 37.39378320290179, -122.0350876242751 37.39364872079348))",Santa Clara,16541012,ILIG,,2663564.454,1654095.546,2007.0,1972.0,20000.0,20000.0,0.0,1.0,0.0,000615PALOMAR94085,_,IL,7082.57598698,1330572,396.0,Industry,Sunnyvale,1.0,-122.035603503,37.3932047652
"POLYGON ((-122.0348478827952 37.39433480968903, -122.0350876242751 37.39364872079348, -122.0357498074431 37.39378320290179, -122.0355760928898 37.39429683676555, -122.0355164711254 37.39447312366443, -122.0348478827952 37.39433480968903))",Santa Clara,16541011,ILIG,,1068973.0056,1799982.9944,1996.0,1972.0,20000.0,20000.0,0.0,1.0,0.0,000675PALOMAR94085,_,IL,4815.61203723,1330571,396.0,Industry,Sunnyvale,1.0,-122.035300422,37.3940606248
"POLYGON ((-122.0345580448864 37.39516425754063, -122.0348478827952 37.39433480968903, -122.0355164711254 37.39447312366443, -122.0353115938087 37.39507890273069, -122.0352965208318 37.3951234671573, -122.035234387254 37.39530573405955, -122.0345580448864 37.39516425754063))",Santa Clara,16541010,ILIG,,1698144.5082,1485478.4918,2006.0,1973.0,20000.0,20000.0,0.0,1.0,0.0,000733PALOMAR94085,_,IL,5886.17718758,1330570,396.0,Industry,Sunnyvale,1.0,-122.035039084,37.3948203904
"POLYGON ((-122.0342974370874 37.39593347779626, -122.0344296250619 37.39553175769927, -122.0345580448864 37.39516425754063, -122.035234387254 37.39530573405955, -122.0349737288575 37.39607038716444, -122.0342974370874 37.39593347779626))",Santa Clara,16541009,ILIG,,1227093.8368,1592515.1632,1996.0,1972.0,20000.0,20000.0,0.0,1.0,0.0,000777PALOMAR94085,_,IL,5468.22765398,1330569,396.0,Industry,Sunnyvale,1.0,-122.034764723,37.3956180551
"POLYGON ((-122.0342974370874 37.39593347779626, -122.0349737288575 37.39607038716444, -122.0348916504335 37.39631115887273, -122.0347406476389 37.39675444369064, -122.0343697125022 37.39784332441369, -122.0342121215876 37.39788742668069, -122.0338380109175 37.39780409886814, -122.0337644218861 37.3977979166965, -122.0337162071575 37.39777041845859, -122.0337020863992 37.39773545488565, -122.0337120979617 37.39771230443683, -122.0342974370874 37.39593347779626))",Santa Clara,16541008,ILIG,,2230795.2384,1872948.7616,1994.0,1972.0,47355.0,47355.0,0.0,1.0,0.0,000781PALOMAR94085,_,IL,12828.0353408,1330568,396.0,Industry,Sunnyvale,1.0,-122.034329094,37.396914749
"MULTIPOLYGON (((-122.0347406476389 37.39675444369064, -122.0355045524051 37.39692215651093, -122.0352852005972 37.39758712414969, -122.0343697125022 37.39784332441369, -122.0347406476389 37.39675444369064)), ((-122.0352035130981 37.39785064193264, -122.0351238895568 37.3980018332863, -122.0350834876837 37.39802547872867, -122.0350307926282 37.39803104113408, -122.0347453969228 37.39800873430402, -122.0346805274564 37.39798622575729, -122.0352035130981 37.39785064193264)))",Santa Clara,16541007,ILIG,,1624500.0,3125500.0,1996.0,1972.0,33282.0,33282.0,0.0,2.0,0.0,000990ALMANOR94085,_,IL,7542.96340649,1330567,396.0,Industry,Sunnyvale,1.0,-122.034943452,37.397318667
"POLYGON ((-122.0347406476389 37.39675444369064, -122.0348916504335 37.39631115887273, -122.0349737288575 37.39607038716444, -122.035234387254 37.39530573405955, -122.0352965208318 37.3951234671573, -122.0353115938087 37.39507890273069, -122.0360407076939 37.39524839255994, -122.0356899684569 37.39636006082019, -122.0355045524051 37.39692215651093, -122.0347406476389 37.39675444369064))",Santa Clara,16541006,ILIG,,3255270.0,2444730.0,1996.0,1973.0,40300.0,40300.0,0.0,1.0,0.0,000760MARY94085,_,IL,13245.4005157,1330566,396.0,Industry,Sunnyvale,1.0,-122.035398234,37.3960074418
"POLYGON ((-122.0353115938087 37.39507890273069, -122.0355164711254 37.39447312366443, -122.0355760928898 37.39429683676555, -122.0363113462913 37.39444261159161, -122.0361597830117 37.39489978500214, -122.0360524218424 37.39521125835207, -122.0360407076939 37.39524839255994, -122.0353115938087 37.39507890273069))",Santa Clara,16541005,ILIG,,1226996.7808,1473260.2192,1996.0,1974.0,20000.0,20000.0,0.0,1.0,0.0,000750MARY94085,_,IL,6132.88091615,1330565,396.0,Industry,Sunnyvale,1.0,-122.035812063,37.3947672564
"POLYGON ((-122.0355760928898 37.39429683676555, -122.0357498074431 37.39378320290179, -122.0357996756868 37.39363574537228, -122.0365219490258 37.39379193692624, -122.036377999868 37.39424030976117, -122.0363113462913 37.39444261159161, -122.0355760928898 37.39429683676555))",Santa Clara,16541004,IMSC,,1202985.0,1647015.0,1996.0,1975.0,20000.0,20000.0,0.0,1.0,0.0,000650MARY94085,_,IL,5022.86269974,1330564,396.0,Industry,Sunnyvale,1.0,-122.036051173,37.3940423034
"POLYGON ((-122.0357996756868 37.39363574537228, -122.0359349109962 37.39323587637791, -122.0360227824668 37.39295246240697, -122.0367926452872 37.39309725764745, -122.0366840827224 37.39332465838903, -122.0365219490258 37.39379193692624, -122.0357996756868 37.39363574537228))",Santa Clara,16541003,VIND,,1226996.7808,1473260.2192,1996.0,1975.0,20000.0,20000.0,0.0,1.0,0.0,000610MARY94085,_,VA,5332.6145352,1330563,396.0,Industry,Sunnyvale,1.0,-122.03628339,37.3933663691
"POLYGON ((-122.0344285070427 37.39290895737044, -122.0345875711207 37.39238595907297, -122.0351836688394 37.39251333906954, -122.0355487139734 37.39259134406463, -122.0354154205983 37.39300932624904, -122.0351465978384 37.3931389611455, -122.0351351671641 37.39311898669917, -122.0350952107241 37.39307894697453, -122.0349775981431 37.39302586408149, -122.0344285070427 37.39290895737044))",Santa Clara,16541013,ILIG,,1977056.514,2340603.486,2007.0,1973.0,20000.0,20000.0,0.0,1.0,0.0,000844DEL REY94085,_,IL,5253.17359896,1330573,396.0,Industry,Sunnyvale,1.0,-122.034984607,37.392750421
"POLYGON ((-122.0360227824668 37.39295246240697, -122.0361040698021 37.39271001421714, -122.0355487139734 37.39259134406463, -122.0351836688394 37.39251333906954, -122.0355393556431 37.39145941469759, -122.0371835124658 37.39199933805212, -122.0373639176684 37.39207578841584, -122.0374035566285 37.39209679632185, -122.0374208282425 37.39214435297956, -122.0374035954796 37.3921794895487, -122.0373611773944 37.3922511492482, -122.0371989307653 37.39245731189366, -122.0370151224365 37.39270123102946, -122.0368220964768 37.39303912995805, -122.0367926452872 37.39309725764745, -122.0360227824668 37.39295246240697))",Santa Clara,16541002,VIND,,536911.4697,664501.5303,2006.0,1975.0,50406.0,50406.0,0.0,1.0,0.0,000580MARY94086,_,VA,20609.3976926,1330562,396.0,Industry,Sunnyvale,1.0,-122.036264282,37.3922799083
"POLYGON ((-122.0331733277588 37.39452801843954, -122.0333079514934 37.39413298469598, -122.0339661504278 37.39425924958179, -122.0338411045977 37.39462801863748, -122.0338307235988 37.39465863610742, -122.0331733277588 37.39452801843954))",Santa Clara,16541027,IMSC,,429121.8972,783772.1028,1986.0,1970.0,12036.0,12036.0,0.0,2.0,0.0,000655PASTORIA94085,_,IL,2737.97620458,1330587,396.0,Industry,Sunnyvale,1.0,-122.033570111,37.394394868
"POLYGON ((-122.0334341835906 37.39376257091329, -122.0335653931425 37.39337754133498, -122.0335717521678 37.39335768856652, -122.0342269976455 37.39349346827795, -122.0341457958634 37.39372944195969, -122.0341076865172 37.3938418319654, -122.0340883794796 37.3938987757067, -122.0334341835906 37.39376257091329))",Santa Clara,16541029,IMSC,,452488.0206,274633.9794,1992.0,,11448.0,11448.0,0.0,1.0,0.0,000625PASTORIA94085,_,IL,2789.08539443,1330589,396.0,Industry,Sunnyvale,1.0,-122.033830394,37.3936281065
"POLYGON ((-122.030554205813 37.39369899799557, -122.0306241950388 37.39346789164171, -122.0306958185734 37.39323138735666, -122.0307866667963 37.39325039030926, -122.031226399326 37.39334235784212, -122.0319046861256 37.39348421792921, -122.0318050452408 37.39378576812222, -122.0317414268488 37.39395005932038, -122.030554205813 37.39369899799557))",Santa Clara,16543014,IMSC,,1780020.0,1519980.0,,1973.0,26488.0,26488.0,0.0,1.0,0.0,000650VAQUEROS94085,_,IL,5885.96467395,1330613,396.0,Ind Intensificat,Sunnyvale,1.0,-122.031226203,37.3935909593
"POLYGON ((-122.0322292279623 37.39327073057937, -122.0323548336011 37.39290448192578, -122.0324111356048 37.39274811223015, -122.0324357510828 37.39270749489953, -122.0324722556104 37.39267898052371, -122.0325234769101 37.39267699911242, -122.0329036745799 37.3927536074447, -122.0327489519991 37.39321797056072, -122.032698644204 37.39336895866419, -122.0322292279623 37.39327073057937))",Santa Clara,16543013,ILIG,,1029427.5025,530547.4975,2005.0,1966.0,11907.0,11907.0,0.0,1.0,0.0,000611VAQUEROS94085,_,IL,2988.49370893,1330612,396.0,Industry,Sunnyvale,1.0,-122.032568466,37.3930162427
"POLYGON ((-122.0320489728163 37.39379631806814, -122.0322292279623 37.39327073057937, -122.032698644204 37.39336895866419, -122.0325250168635 37.39389003331006, -122.0320489728163 37.39379631806814))",Santa Clara,16543012,ILIG,,140136.4515,439658.5485,1975.0,1967.0,11000.0,11000.0,0.0,1.0,0.0,000635VAQUEROS94085,_,IL,2597.96720649,1330611,396.0,Industry,Sunnyvale,1.0,-122.032374904,37.3935818668
"POLYGON ((-122.0318700588518 37.39432898886209, -122.0320167022333 37.39389041155626, -122.0320489728163 37.39379631806814, -122.0325250168635 37.39389003331006, -122.0325009544334 37.39396226544623, -122.0323585938349 37.39438950847823, -122.0323481414007 37.39442087934431, -122.0318700588518 37.39432898886209))",Santa Clara,16543011,IMSC,,66569.0218,197488.9782,1973.0,1967.0,11000.0,11000.0,0.0,1.0,0.0,000655VAQUEROS94085,_,IL,2656.85551772,1330610,396.0,Industry,Sunnyvale,1.0,-122.032197707,37.3941090807
"POLYGON ((-122.0316299893721 37.39504696595871, -122.0318700588518 37.39432898886209, -122.0323481414007 37.39442087934431, -122.0322971695787 37.39457385589833, -122.0320981857741 37.395141683982, -122.0316299893721 37.39504696595871))",Santa Clara,16543010,IMSC,,1280160.0,1519840.0,2000.0,1975.0,19506.0,19506.0,0.0,2.0,0.0,000695VAQUEROS94085,_,IL,3576.71453418,1330609,396.0,Industry,Sunnyvale,1.0,-122.031987736,37.3947335743
"POLYGON ((-122.0313177994722 37.39596882750512, -122.0315275547955 37.39535332021951, -122.0316299893721 37.39504696595871, -122.0320981857741 37.395141683982, -122.0320745867882 37.39520903024199, -122.0319051538556 37.39569252923373, -122.0317775185917 37.39605675219627, -122.0313177994722 37.39596882750512))",Santa Clara,16543009,ILIG,,1725300.0,1649700.0,2008.0,1965.0,23600.0,23600.0,0.0,1.0,0.0,000771VAQUEROS94085,_,IL,4465.38705872,1330608,396.0,Industry,Sunnyvale,1.0,-122.031706533,37.3955519734
"POLYGON ((-122.0313177994722 37.39596882750512, -122.0317775185917 37.39605675219627, -122.0316337711623 37.39644799618151, -122.0322799406938 37.3965794093117, -122.032085615111 37.39717160243936, -122.0320108210075 37.39734737630888, -122.0319924139699 37.39737363776931, -122.0319560924906 37.39738774683206, -122.0319017648098 37.39739690759281, -122.0310186841941 37.39721439155021, -122.030964604813 37.39720434589911, -122.0309407919972 37.39718253992883, -122.030932315586 37.39713925122926, -122.0309328414822 37.39709843675922, -122.0313177994722 37.39596882750512))",Santa Clara,16543008,IMSC,,3448926.0,3448926.0,2006.0,1970.0,52825.0,52825.0,0.0,2.0,0.0,000650ALMANOR94085,_,IL,11440.5485877,1330607,396.0,Industry,Sunnyvale,1.0,-122.031574119,37.3967740276
"POLYGON ((-122.0317775185917 37.39605675219627, -122.0324076406017 37.39619024579939, -122.0322799406938 37.3965794093117, -122.0316337711623 37.39644799618151, -122.0317775185917 37.39605675219627))",Santa Clara,16543007,IMSC,,429147.3256,747888.6744,1986.0,1970.0,11730.0,11730.0,0.0,1.0,0.0,000754PASTORIA94085,_,IL,2623.50196008,1330606,396.0,Industry,Sunnyvale,1.0,-122.032023777,37.3963191864
"POLYGON ((-122.0317775185917 37.39605675219627, -122.0319051538556 37.39569252923373, -122.0325308204249 37.39581586623999, -122.0325090718434 37.39588113336269, -122.0324076406017 37.39619024579939, -122.0317775185917 37.39605675219627))",Santa Clara,16543006,IMSC,,62787.384,196664.616,1976.0,1966.0,10560.0,10560.0,0.0,1.0,0.0,000746PASTORIA94085,_,IL,2436.33178734,1330605,396.0,Industry,Sunnyvale,1.0,-122.032156318,37.3959394564
"POLYGON ((-122.0319051538556 37.39569252923373, -122.0320745867882 37.39520903024199, -122.0326903366998 37.39533714769938, -122.0325308204249 37.39581586623999, -122.0319051538556 37.39569252923373))",Santa Clara,16543005,IMSC,,78033.1544,123238.8456,1973.0,1966.0,12672.0,12672.0,0.0,1.0,0.0,000730PASTORIA94085,_,IL,3137.68625124,1330604,396.0,Industry,Sunnyvale,1.0,-122.032299371,37.3955140054
"POLYGON ((-122.0333079514934 37.39413298469598, -122.0334341835906 37.39376257091329, -122.0340883794796 37.3938987757067, -122.0339661504278 37.39425924958179, -122.0333079514934 37.39413298469598))",Santa Clara,16541028,IMSC,,795906.0,1326510.0,2006.0,1968.0,10856.0,10856.0,0.0,1.0,0.0,000639PASTORIA94085,_,IL,2516.69452016,1330588,396.0,Industry,Sunnyvale,1.0,-122.033697652,37.3940131214
"POLYGON ((-122.0320745867882 37.39520903024199, -122.0320981857741 37.395141683982, -122.0322971695787 37.39457385589833, -122.0323481414007 37.39442087934431, -122.0323585938349 37.39438950847823, -122.0329645239929 37.39451450976024, -122.0329541655857 37.3945453702392, -122.0326903366998 37.39533714769938, -122.0320745867882 37.39520903024199))",Santa Clara,16543004,IMSC,,2000130.0,899870.0,2000.0,1966.0,20412.0,20412.0,0.0,1.0,0.0,000716PASTORIA94085,_,IL,5265.43152475,1330603,396.0,Industry,Sunnyvale,1.0,-122.03252219,37.3948639669
"POLYGON ((-122.030185060333 37.39160095588893, -122.031189633033 37.39182404313372, -122.031291748487 37.39150076066407, -122.0324948359616 37.39175334804745, -122.032262452572 37.39247478307296, -122.0317489323978 37.39236401743982, -122.0307512570044 37.39214797811858, -122.030576515854 37.39208953829415, -122.030298153736 37.39200174496103, -122.0301718553479 37.39196702421823, -122.0301300794997 37.39193040431237, -122.0301207630199 37.39189664178987, -122.030114933789 37.39184477057216, -122.030185060333 37.39160095588893))",Santa Clara,16542009,ILIG,,4725600.0,11774400.0,,1999.0,74986.0,74986.0,0.0,3.0,0.0,000535DEL REY94085,_,IL,12936.9850588,1330600,396.0,Ind Intensificat,Sunnyvale,1.0,-122.031439738,37.391961117
"POLYGON ((-122.0332604648292 37.39162581156764, -122.0332936991812 37.39153541508724, -122.0326078054774 37.39139545918831, -122.0326637496327 37.39119693208314, -122.0331807597111 37.39130330226795, -122.0333620923492 37.39076011296614, -122.0337959894314 37.39090456717215, -122.0338411831511 37.3909282559327, -122.0338504973137 37.39096201821237, -122.0338461730682 37.39102453334294, -122.033830881226 37.39120320282552, -122.0338494050722 37.39153243828889, -122.0338437592753 37.39171895841337, -122.0338387465793 37.39174848338639, -122.0332604648292 37.39162581156764))",Santa Clara,16542008,IMSC,,2445096.06,416003.94,2006.0,1974.0,20000.0,20000.0,0.0,1.0,0.0,000510PASTORIA94085,_,IL,6140.17806875,1330599,396.0,Industry,Sunnyvale,1.0,-122.033424278,37.3912871896
"POLYGON ((-122.0325688642165 37.39049529962163, -122.0333062072215 37.39074150736945, -122.0333620923492 37.39076011296614, -122.0331807597111 37.39130330226795, -122.0326637496327 37.39119693208314, -122.0326078054774 37.39139545918831, -122.0322729452208 37.39132713023004, -122.0325688642165 37.39049529962163))",Santa Clara,16542007,IMSC,,2393024.04,468075.96,2006.0,1973.0,19980.0,19980.0,0.0,1.0,0.0,000683MAUDE94085,_,IL,5839.11656258,1330598,396.0,Ind Intensificat,Sunnyvale,1.0,-122.032808154,37.3909599814
"POLYGON ((-122.0324948359616 37.39175334804745, -122.031291748487 37.39150076066407, -122.0302839205279 37.39128915480543, -122.0304299861752 37.39086351585827, -122.0305127911956 37.39074240797452, -122.0306143795241 37.39042452074433, -122.0307177019476 37.39002697860672, -122.0307706591485 37.38995226704147, -122.0308098884791 37.38993444942577, -122.0308587287985 37.38992707681052, -122.0309753765102 37.38995394634716, -122.0314705436723 37.39011347612042, -122.0316190191933 37.39019242614456, -122.03207652828 37.39033240006854, -122.0323516019118 37.39042275225343, -122.0325688642165 37.39049529962163, -122.0322729452208 37.39132713023004, -122.0326078054774 37.39139545918831, -122.0332936991812 37.39153541508724, -122.0332604648292 37.39162581156764, -122.0331709374977 37.39189528919901, -122.0324948359616 37.39175334804745))",Santa Clara,16542006,ILIG,,11001000.0,7999000.0,2001.0,1985.0,126000.0,126000.0,0.0,2.0,0.0,000505MATHILDA94085,_,IL,29081.9624671,1330597,396.0,Ind Intensificat,Sunnyvale,1.0,-122.031594861,37.3909370582
"POLYGON ((-122.030185060333 37.39160095588893, -122.0302272087067 37.39145441722832, -122.0302839205279 37.39128915480543, -122.031291748487 37.39150076066407, -122.031189633033 37.39182404313372, -122.030185060333 37.39160095588893))",Santa Clara,16542005,CMSC,,872305.853,2629524.147,1998.0,1989.0,23391.0,23391.0,0.0,2.0,0.0,000595MATHILDA94085,_,RS,3361.09038439,1330596,396.0,Ind Intensificat,Sunnyvale,1.0,-122.030739599,37.3915541796
"POLYGON ((-122.032930537095 37.39261888392203, -122.0331709374977 37.39189528919901, -122.0332604648292 37.39162581156764, -122.0338387465793 37.39174848338639, -122.0338121185711 37.39190526865609, -122.0337571342486 37.39213802734186, -122.0335748144688 37.39266139587055, -122.0335481182579 37.39271559522007, -122.0335057414957 37.39272561429394, -122.0334471803064 37.39273031633957, -122.032930537095 37.39261888392203))",Santa Clara,16542001,IMSC,,159892.4052,552640.5948,1976.0,1975.0,25577.0,25577.0,0.0,1.0,0.0,000580PASTORIA94085,_,IL,6388.33589342,1330594,396.0,Industry,Sunnyvale,1.0,-122.033400456,37.3921895074
"POLYGON ((-122.0340728522105 37.39152470025329, -122.0340384860163 37.39126107136632, -122.0340624717905 37.39109000761847, -122.0340846419641 37.39106040446983, -122.0341068140355 37.39103080013104, -122.0341661757883 37.3910139105973, -122.0342345871392 37.39101943465024, -122.0349133201618 37.39125332243705, -122.0349390806766 37.39118651837619, -122.0349948831997 37.39120434808006, -122.0349660131954 37.39127112939222, -122.0348307177205 37.39166968325544, -122.0340728522105 37.39152470025329))",Santa Clara,16541033,IMSC,,549883.377,927106.623,2009.0,,14356.0,14356.0,0.0,1.0,0.0,000815MAUDE94085,_,IL,4108.78996397,1330593,396.0,Industry,Sunnyvale,1.0,-122.034470582,37.3913472282
"POLYGON ((-122.0340297918085 37.39193859650584, -122.0340838295362 37.3916089281358, -122.0340728522105 37.39152470025329, -122.0348307177205 37.39166968325544, -122.034694779106 37.39207014368592, -122.0340297918085 37.39193859650584))",Santa Clara,16541032,IMSC,,72292.2604,175793.7396,1991.0,,12354.0,12354.0,0.0,1.0,0.0,000575PASTORIA94085,_,IL,2928.1300086,1330592,396.0,Industry,Sunnyvale,1.0,-122.034413394,37.391797973
"POLYGON ((-122.0340297918085 37.39193859650584, -122.034694779106 37.39207014368592, -122.0345875711207 37.39238595907297, -122.0344285070427 37.39290895737044, -122.033959315883 37.39280905665198, -122.0338693976788 37.39278102089784, -122.03380441487 37.39275070685728, -122.0337925381948 37.39270593245129, -122.0337995280607 37.39264642034928, -122.0340297918085 37.39193859650584))",Santa Clara,16541031,IMSC,,1698165.8528,1591578.1472,2006.0,1970.0,22000.0,22000.0,0.0,1.0,0.0,000595PASTORIA94085,_,IL,5752.64284532,1330591,396.0,Industry,Sunnyvale,1.0,-122.034229872,37.3924195075
"POLYGON ((-122.0335717521678 37.39335768856652, -122.0336804083791 37.39301844181352, -122.0337402371584 37.39297616304242, -122.0338024852148 37.39296541542885, -122.0343691316235 37.39308041219925, -122.0342269976455 37.39349346827795, -122.0335717521678 37.39335768856652))",Santa Clara,16541030,IMSC,,510262.6519,298266.3481,1992.0,1970.0,11716.0,11716.0,0.0,1.0,0.0,000623PASTORIA94085,_,IL,2832.13295895,1330590,396.0,Industry,Sunnyvale,1.0,-122.033970839,37.3932212604
"POLYGON ((-122.0327489519991 37.39321797056072, -122.0329036745799 37.3927536074447, -122.0334426090587 37.39286219588794, -122.0334784957471 37.39288170021272, -122.0334901393295 37.39291300864561, -122.0334835399886 37.39296819541568, -122.0333570842638 37.39334495225172, -122.0327489519991 37.39321797056072))",Santa Clara,16543001,IWAR,,76086.2256,345677.7744,1974.0,1968.0,12144.0,12144.0,0.0,1.0,0.0,000610PASTORIA94085,_,IW,2968.61037669,1330601,396.0,Industry,Sunnyvale,1.0,-122.033129601,37.3930491121
"POLYGON ((-122.0345875711207 37.39238595907297, -122.034694779106 37.39207014368592, -122.0348307177205 37.39166968325544, -122.0349660131954 37.39127112939222, -122.0355393556431 37.39145941469759, -122.0351836688394 37.39251333906954, -122.0345875711207 37.39238595907297))",Santa Clara,16541001,VIND,,2294656.3962,573305.6038,2005.0,1974.0,19998.0,19998.0,0.0,1.0,0.0,000845MAUDE94085,_,VA,6800.22820566,1330561,396.0,Industry,Sunnyvale,1.0,-122.035066289,37.391907018
"POLYGON ((-122.0357862570155 37.3971936081074, -122.0363082361666 37.39729873376237, -122.0356980755138 37.39746685736968, -122.0357862570155 37.3971936081074))",Santa Clara,16540022,VMSC,,6832.0,0.0,1972.0,,0.0,0.0,0.0,0.0,0.0,0000000,_,VA,746.311685671,1330560,396.0,Industry,Sunnyvale,1.0,-122.035930856,37.3973197331
"POLYGON ((-122.0386316322583 37.39403631813986, -122.0378139426011 37.39386566413109, -122.0377784357534 37.39385825270921, -122.0379828310917 37.39323912851619, -122.0381539012389 37.39327500505557, -122.0387693633412 37.39341965465961, -122.0387675915363 37.39342136265093, -122.0387460118033 37.39344849799843, -122.038735341386 37.39348814592481, -122.0387328151055 37.39352840555279, -122.038747389336 37.39356032897539, -122.0387680591306 37.39358883659622, -122.0387986375199 37.39360668900301, -122.0388390053341 37.39362175195964, -122.038881399847 37.3936233080268, -122.038916906331 37.39362359590535, -122.0389541883364 37.39361715631933, -122.0389949382489 37.39360400497976, -122.0390362564661 37.39356915845868, -122.0390482629638 37.39355577252064, -122.0396976808225 37.39368001092952, -122.0396620426376 37.3937895844265, -122.0395214037572 37.39422200879152, -122.0386316322583 37.39403631813986))",Santa Clara,16540021,IMSC,,2460363.624,1675396.376,1996.0,1975.0,34818.0,34818.0,0.0,1.0,0.0,000580MAUDE94085,_,IL,10174.6023589,1330559,396.0,Industry,Sunnyvale,1.0,-122.038710208,37.393752104
"POLYGON ((-122.0384430082626 37.39462581083291, -122.0386316322583 37.39403631813986, -122.0395214037572 37.39422200879152, -122.0393335093879 37.39479971645348, -122.0384430082626 37.39462581083291))",Santa Clara,16540012,VIND,,1151181.0,1441569.0,1996.0,1975.0,19582.0,19582.0,0.0,1.0,0.0,000950BENECIA94085,_,VA,5437.42541444,1330552,396.0,Industry,Sunnyvale,1.0,-122.038981015,37.3944205184
"POLYGON ((-122.0369316449673 37.39368126458492, -122.0377784357534 37.39385825270921, -122.0378139426011 37.39386566413109, -122.0376215073243 37.3944596242784, -122.0368789143903 37.394301250119, -122.0368278231689 37.39427661631048, -122.0368001239084 37.39425031007076, -122.0367864849636 37.39422039090233, -122.0367923913079 37.39413155564272, -122.0369316449673 37.39368126458492))",Santa Clara,16540014,VIND,,2085315.1858,886065.8142,2006.0,1974.0,19535.0,19535.0,0.0,1.0,0.0,000645MARY94085,_,VA,5413.93279291,1330554,396.0,Industry,Sunnyvale,1.0,-122.037283358,37.394068238
"POLYGON ((-122.0396620426376 37.3937895844265, -122.0396976808225 37.39368001092952, -122.0399556258514 37.39288689736006, -122.0399731431142 37.39283303912107, -122.0405708283634 37.3930321751253, -122.0402810567639 37.39392005926979, -122.0396620426376 37.3937895844265))",Santa Clara,16539001,IMSC,,622673.28,1412206.72,,1974.0,20128.0,20128.0,0.0,1.0,0.0,000965MAUDE94085,_,IL,5999.69347747,1330531,396.0,Industry,Sunnyvale,1.0,-122.040118047,37.393392575
"POLYGON ((-122.0405467573144 37.39397606229342, -122.0402810567639 37.39392005926979, -122.0405708283634 37.3930321751253, -122.0411441242362 37.39322318050314, -122.041133226831 37.39326285834709, -122.0408895941923 37.39404832326115, -122.0405467573144 37.39397606229342))",Santa Clara,16539002,IMSC,,588719.664,1088544.336,1991.0,1974.0,20358.0,20358.0,0.0,1.0,0.0,000969MAUDE94085,_,IL,5405.98149337,1330532,396.0,Industry,Sunnyvale,1.0,-122.040717375,37.3935565582
"POLYGON ((-122.0401870039091 37.39505901072899, -122.0405467573144 37.39397606229342, -122.0408895941923 37.39404832326115, -122.0408144519673 37.39428437969462, -122.0414256003615 37.39440384744389, -122.0413997430675 37.39469958892651, -122.0414005473279 37.39491230596102, -122.0413849367748 37.39502414932548, -122.0413150609797 37.39519355341739, -122.0412692572807 37.39524517325961, -122.0412163662244 37.39526274051254, -122.0411287544234 37.39527165225943, -122.0405179495828 37.39514327599527, -122.0401870039091 37.39505901072899))",Santa Clara,16539004,IWAR,,0.0,0.0,2008.0,1979.0,54934.0,54934.0,0.0,1.0,0.0,000590MACARA94085,_,IW,10349.2584832,1330533,396.0,Industry,Sunnyvale,1.0,-122.040836468,37.3947077101
"POLYGON ((-122.0390482629638 37.39355577252064, -122.039060882296 37.39352141634568, -122.0390638564817 37.39348731907246, -122.0390615101881 37.39344532448224, -122.0390611494429 37.39339293456585, -122.0390622912656 37.39338000462033, -122.0392299302284 37.39281174413078, -122.0392707255966 37.39275685614165, -122.0393729614669 37.39274315538222, -122.0394666506499 37.39273495527262, -122.0399556258514 37.39288689736006, -122.0396976808225 37.39368001092952, -122.0390482629638 37.39355577252064))",Santa Clara,16540020,ILIG,,1226996.7808,1473260.2192,1996.0,1974.0,20000.0,20000.0,0.0,1.0,0.0,000573MAUDE94085,_,IL,5916.53819697,1330558,396.0,Industry,Sunnyvale,1.0,-122.039485116,37.3931991892
"POLYGON ((-122.0381539012389 37.39327500505557, -122.0381867075461 37.39316450608118, -122.0384139175664 37.39239921360743, -122.0389542511316 37.39257280068529, -122.0390238839092 37.39260876369133, -122.0390398825866 37.3926368361132, -122.0390436507501 37.39267777117297, -122.0390370240375 37.39273084209691, -122.0389256855997 37.39305675894449, -122.0388449375913 37.39328226683509, -122.0388232903455 37.39335327765735, -122.0387969594647 37.39338757031968, -122.0387693633412 37.39341965465961, -122.0381539012389 37.39327500505557))",Santa Clara,16540017,ILIG,,2247264.0,1003986.0,2007.0,1974.0,20000.0,20000.0,0.0,1.0,0.0,000570MAUDE94085,_,IL,5870.05004141,1330557,396.0,Industry,Sunnyvale,1.0,-122.038606157,37.3929239137
"POLYGON ((-122.0330682435096 37.39691041337496, -122.0331580263941 37.39664518126561, -122.0332863499314 37.39626607835368, -122.0339176552849 37.39639497787871, -122.0336952323165 37.39704784537171, -122.0330682435096 37.39691041337496))",Santa Clara,16541018,ILIG,,948714.555,1232238.445,1996.0,1973.0,15730.0,15730.0,0.0,1.0,0.0,000776PALOMAR94085,_,IL,4298.03422521,1330578,396.0,Industry,Sunnyvale,1.0,-122.033492622,37.3966548659
"POLYGON ((-122.0372383238214 37.39297471995152, -122.0372745223263 37.39291387637, -122.0373934032461 37.3927128375668, -122.0377157654981 37.3923026219674, -122.037798771758 37.3922401859182, -122.0378650494491 37.3922327701984, -122.0379327295111 37.39223890920001, -122.0384139175664 37.39239921360743, -122.0381867075461 37.39316450608118, -122.0372383238214 37.39297471995152))",Santa Clara,16540016,IMSC,,3129480.0408,4781237.9592,2004.0,1976.0,25032.0,25032.0,0.0,1.0,0.0,000585MARY94085,_,IL,6778.71707797,1330556,396.0,Industry,Sunnyvale,1.0,-122.0378829,37.3927069073
"POLYGON ((-122.0369316449673 37.39368126458492, -122.0369640602249 37.39358894305427, -122.0371180284482 37.39320586687914, -122.0372383238214 37.39297471995152, -122.0381867075461 37.39316450608118, -122.0381539012389 37.39327500505557, -122.0379828310917 37.39323912851619, -122.0377784357534 37.39385825270921, -122.0369316449673 37.39368126458492))",Santa Clara,16540015,VIND,,1226942.4,1840413.6,1996.0,1975.0,20066.0,20066.0,0.0,1.0,0.0,000615MARY94085,_,VA,6451.34393574,1330555,396.0,Industry,Sunnyvale,1.0,-122.03750344,37.393408762
"POLYGON ((-122.0363629857777 37.3954351194266, -122.0366083373393 37.39469834263627, -122.0366634214461 37.39454355775765, -122.0366904781944 37.39450379517522, -122.0367320442679 37.39448296475459, -122.0367792708184 37.39448099862916, -122.0368589415642 37.39447929533725, -122.0374948170827 37.39461243466612, -122.0373225568896 37.39517378994129, -122.0371826673366 37.39559731608745, -122.0363629857777 37.3954351194266))",Santa Clara,16540009,ILIG,,1827677.4301,2779525.5699,1996.0,1974.0,33600.0,33600.0,0.0,1.0,0.0,000749MARY94085,_,IL,8369.95574731,1330549,396.0,Industry,Sunnyvale,1.0,-122.036934743,37.3950271733
"POLYGON ((-122.0360224150399 37.39646181314116, -122.0360643778797 37.39633178283599, -122.0363629857777 37.3954351194266, -122.0371826673366 37.39559731608745, -122.0368401386577 37.39663433719267, -122.0360224150399 37.39646181314116))",Santa Clara,16540008,IMSC,,3329612.928,3797127.072,2007.0,1974.0,33166.0,33166.0,0.0,1.0,0.0,000755MARY94085,_,IL,8868.8616958,1330548,396.0,Industry,Sunnyvale,1.0,-122.036602367,37.3960324551
"POLYGON ((-122.0357862570155 37.3971936081074, -122.0360224150399 37.39646181314116, -122.0368401386577 37.39663433719267, -122.0366437851433 37.39722878557116, -122.0365733324036 37.39722569056546, -122.0363082361666 37.39729873376237, -122.0357862570155 37.3971936081074))",Santa Clara,16540007,ILIG,,1226996.7808,1473260.2192,1996.0,1975.0,20000.0,20000.0,0.0,1.0,0.0,000765MARY94085,_,IL,6002.09755308,1330547,396.0,Industry,Sunnyvale,1.0,-122.036304194,37.3968970322
"POLYGON ((-122.0356980755138 37.39746685736968, -122.0363082361666 37.39729873376237, -122.0365733324036 37.39722569056546, -122.0366437851433 37.39722878557116, -122.0365665581458 37.39746259498403, -122.0356179705396 37.39772091220741, -122.0356980755138 37.39746685736968))",Santa Clara,16540006,MUTI,,46051.0,0.0,1974.0,,0.0,0.0,0.0,0.0,0.0,000000MARY94085,_,IL,2175.21030446,1330546,396.0,Parks,Sunnyvale,1.0,-122.03613276,37.3974641919
"POLYGON ((-122.0335455929615 37.39792814523291, -122.0338614133308 37.39799437389941, -122.033490115395 37.39810378320905, -122.0335455929615 37.39792814523291))",Santa Clara,16540005,VMSC,,50584.0,0.0,1996.0,,0.0,0.0,0.0,0.0,0.0,000000ALMANOR94085,_,VA,290.582397747,1330545,396.0,Industry,Sunnyvale,1.0,-122.033632374,37.3980087674
"POLYGON ((-122.0329394374732 37.39982936789368, -122.0331037261894 37.39932255774116, -122.0334138625937 37.39836580503511, -122.0343288904424 37.39809809758978, -122.0346466851669 37.39816184434926, -122.0349026852728 37.39821332610779, -122.035088343266 37.39822895457642, -122.0352464759636 37.39825500816254, -122.0350008854944 37.39896343353095, -122.0352961416947 37.39903224530413, -122.0351249942923 37.39959301850759, -122.035036268947 37.39964469259618, -122.0344451241298 37.39992452512639, -122.0341848409818 37.39999559625561, -122.0338910024277 37.40000028160328, -122.0335489328863 37.39995615575923, -122.0329394374732 37.39982936789368))",Santa Clara,16540004,IMSC,,6905840.6475,9331734.3525,1996.0,1975.0,138698.0,138698.0,0.0,1.0,0.0,000985ALMANOR94085,_,IL,32467.2881435,1330544,396.0,Industry,Sunnyvale,1.0,-122.034153904,37.3990862007
"POLYGON ((-122.0352464759636 37.39825500816254, -122.0354395372855 37.39828681625947, -122.0356179705396 37.39772091220741, -122.0365665581458 37.39746259498403, -122.0359785333661 37.39926830521984, -122.0357738116238 37.39929921446479, -122.0354753594585 37.39938895594374, -122.0351249942923 37.39959301850759, -122.0352961416947 37.39903224530413, -122.0350008854944 37.39896343353095, -122.0352464759636 37.39825500816254))",Santa Clara,16540003,IMSC,,2603737.9368,12015790.0632,1998.0,1980.0,78444.0,78444.0,0.0,2.0,0.0,000785MARY94085,_,IL,16270.7102713,1330543,396.0,Parks,Sunnyvale,1.0,-122.035763974,37.3984849954
"POLYGON ((-122.0365665581458 37.39746259498403, -122.0366437851433 37.39722878557116, -122.0384308208977 37.39754535993525, -122.0383590342226 37.39776439583335, -122.0365665581458 37.39746259498403))",Santa Clara,16540002,MUTI,,0.0,0.0,1963.0,,0.0,0.0,0.0,0.0,0.0,0000000,_,IL,4208.38123018,1330542,396.0,Transportation,Unincorporated Santa Clara,1.0,-122.037490254,37.3974985979
"POLYGON ((-122.0384308208977 37.39754535993525, -122.0389081644426 37.39608879490751, -122.0389146379771 37.3960684609137, -122.0401328503834 37.39632764869206, -122.0409969832141 37.39651149406162, -122.0412425186691 37.39579190848817, -122.0413211141695 37.39578391263904, -122.0414183342291 37.39577399418978, -122.0414619635758 37.39574845335859, -122.0414949372119 37.39570987485858, -122.0415089086922 37.3956754615625, -122.0415096501659 37.39561720503967, -122.041494153872 37.39555881058563, -122.0414756777625 37.39552197546318, -122.0415773651201 37.39513065551509, -122.0416174933537 37.39499979320814, -122.0425246143837 37.39520504819284, -122.0429536797029 37.39389155954603, -122.0429563160496 37.39387311531332, -122.0429594897879 37.39385096523013, -122.0448007642063 37.3944566104518, -122.0450526834862 37.39456256498514, -122.0452047911694 37.39462883089568, -122.0456278881166 37.39476774178831, -122.0456600187283 37.39479658397054, -122.0456778197557 37.39482456676355, -122.0456844344848 37.39485357069182, -122.0456784669119 37.39488358552091, -122.0456669557656 37.39491021646303, -122.0456492986184 37.39493643504718, -122.0449673224742 37.39543927376953, -122.0441119795495 37.39596090599997, -122.0430678120524 37.39658382301703, -122.0416690946592 37.39732996152379, -122.0405704030897 37.39790902646738, -122.0384308208977 37.39754535993525))",Santa Clara,16539015,CMSC,,0.0,0.0,1973.0,,0.0,0.0,0.0,0.0,0.0,000605MACARA94085,_,RS,112287.017112,1330540,396.0,Transportation,Unincorporated Santa Clara,1.0,-122.042033303,37.3960411862
"POLYGON ((-122.0416174933537 37.39499979320814, -122.0416364338244 37.3948854083275, -122.0416371806836 37.39478831164116, -122.0416232846619 37.3945556526541, -122.0416511203151 37.39442747205536, -122.0417762719739 37.39401201671212, -122.0419151464443 37.39360177128689, -122.0419886773202 37.39358745390057, -122.0420618309599 37.39358157096281, -122.0421508647874 37.39360387415133, -122.0429563160496 37.39387311531332, -122.0429536797029 37.39389155954603, -122.0425246143837 37.39520504819284, -122.0416174933537 37.39499979320814))",Santa Clara,16539014,ILIG,,4776709.4496,11672014.5504,2006.0,1997.0,64800.0,64800.0,0.0,2.0,0.0,000501MACARA94085,_,IL,14922.4802941,1330539,396.0,Industry,Sunnyvale,1.0,-122.042235194,37.394383307
"POLYGON ((-122.0408895941923 37.39404832326115, -122.041133226831 37.39326285834709, -122.0415224565387 37.393399299724, -122.0416891880714 37.39346134984864, -122.0417097854955 37.39349790128323, -122.041697360332 37.39354895292107, -122.0414256003615 37.39440384744389, -122.0408144519673 37.39428437969462, -122.0408895941923 37.39404832326115))",Santa Clara,16539013,ILIG,,2123052.7248,5305403.2752,2006.0,1997.0,31266.0,31266.0,0.0,2.0,0.0,000500MACARA94085,_,IL,6244.35934708,1330538,396.0,Industry,Sunnyvale,1.0,-122.041269521,37.3938538502
"POLYGON ((-122.0383590342226 37.39776439583335, -122.0384308208977 37.39754535993525, -122.0405704030897 37.39790902646738, -122.0409535447826 37.39798657613363, -122.0406135815754 37.39815551248047, -122.0402170231097 37.3980925785546, -122.0385890869379 37.39892771609845, -122.0378757911326 37.39923163387833, -122.0378630817473 37.39923489759705, -122.0383590342226 37.39776439583335))",Santa Clara,16539010,MUTI,,0.0,0.0,1963.0,,0.0,0.0,0.0,0.0,0.0,0000000,_,IL,20343.1114907,1330537,396.0,Transportation,Unincorporated Santa Clara,1.0,-122.039030792,37.3982360244
"POLYGON ((-122.0401328503834 37.39632764869206, -122.0404745841331 37.39531494824067, -122.0406575419802 37.39535028547558, -122.0412194969969 37.39547449752766, -122.0413355411996 37.39550133466332, -122.0412425186691 37.39579190848817, -122.0409969832141 37.39651149406162, -122.0401328503834 37.39632764869206))",Santa Clara,16539007,COFF,,4437935.775,6399514.225,2006.0,1974.0,36344.0,36344.0,0.0,1.0,0.0,000995BENECIA94085,_,OF,9234.41280536,1330536,396.0,Industry,Sunnyvale,1.0,-122.040736068,37.3959128762
"POLYGON ((-122.0389146379771 37.3960684609137, -122.0390833326857 37.3955384094787, -122.0392603852767 37.39498208924132, -122.0396394630945 37.39505586522036, -122.0398883387188 37.39513650977494, -122.0401751831113 37.39523172003219, -122.0404745841331 37.39531494824067, -122.0401328503834 37.39632764869206, -122.0389146379771 37.3960684609137))",Santa Clara,16539006,COFF,,3182341.272,7299678.728,2006.0,1974.0,54280.0,54280.0,0.0,1.0,0.0,000975BENECIA94085,_,OF,13685.9747259,1330535,396.0,Industry,Sunnyvale,1.0,-122.039689583,37.3956643122
"POLYGON ((-122.0393335093879 37.39479971645348, -122.0395214037572 37.39422200879152, -122.0396620426376 37.3937895844265, -122.0402810567639 37.39392005926979, -122.0405467573144 37.39397606229342, -122.0401870039091 37.39505901072899, -122.0401204570849 37.39504206552623, -122.0399182404061 37.39496843742358, -122.039535949531 37.3948553509778, -122.0393335093879 37.39479971645348))",Santa Clara,16539005,ILIG,,0.0,0.0,2008.0,1973.0,58140.0,58140.0,0.0,2.0,0.0,000990BENECIA94085,_,IL,9653.48465443,1330534,396.0,Industry,Sunnyvale,1.0,-122.039938578,37.3944047427
"POLYGON ((-122.0288994410819 37.39640024024733, -122.0295350990102 37.39652975079398, -122.0294238765114 37.39688625224716, -122.0291400338292 37.39682748186469, -122.0288079005622 37.39675578996106, -122.0287863120893 37.39673821711379, -122.0287744916504 37.39671492564421, -122.0287749629213 37.39667820729564, -122.0288202162974 37.3965529507959, -122.0288774658194 37.39643745404695, -122.0288994410819 37.39640024024733))",Santa Clara,16543016,COFF,,10.0,0.0,1999.0,,0.0,0.0,0.0,0.0,0.0,000522ALMANOR94085,_,OF,2439.76640716,1330615,396.0,Ind Intensificat,Sunnyvale,1.0,-122.029151098,37.3966409143
